old_slug,count,suggested_target,confidence,alternates
https://clickhouse.com/docs/knowledgebase/count-parts-by-type,1,/resources/support-center/knowledge-base/troubleshooting/count-parts-by-type,manual,
/integrations/language-clients/java/jdbc-v1,1,/integrations/language-clients/java/jdbc,manual,
/knowledgebase/async_vs_optimize_read_in_order,1,/resources/support-center/knowledge-base/performance-optimization/async-vs-optimize-read-in-order,manual,
/tutorial.md,1,/core/get-started/quickstarts/tutorial,manual,
/operations/utilities/clickhouse-local,1,/core/concepts/features/tools-and-utilities/clickhouse-local,manual,
https://clickhouse.com/docs/knowledgebase/terraform_example,1,/resources/support-center/knowledge-base/integrations/terraform-example,manual,
/cloud/getting-started/quick-start/cloud,1,/core/get-started/setup/cloud,manual,
https://clickhouse.com/docs/knowledgebase/why-clickhouse-is-so-fast,1,/core/get-started/about/why-clickhouse-is-so-fast,manual,
/knowledgebase/why-clickhouse-is-so-fast,1,/core/get-started/about/why-clickhouse-is-so-fast,manual,
/sql-reference,1,/core/reference/home,manual,
/faq/integration/oracle-odbc.md,1,/resources/support-center/knowledge-base/integrations/oracle-odbc,manual,
/faq/integration/oracle-odbc,1,/resources/support-center/knowledge-base/integrations/oracle-odbc,manual,
/knowledgebase/view_number_of_active_mutations,1,/resources/support-center/knowledge-base/monitoring-debugging/view-number-of-active-mutations,manual,
/optimize/avoid-mutations,1,/core/concepts/best-practices/avoid-mutations,manual,
https://clickhouse.com/docs/knowledgebase/configure_cap_ipc_lock_and_cap_sys_nice_in_docker,1,/resources/support-center/knowledge-base/troubleshooting/configure-cap-ipc-lock-and-cap-sys-nice-in-docker,manual,
/knowledgebase/configure_cap_ipc_lock_and_cap_sys_nice_in_docker,1,/resources/support-center/knowledge-base/troubleshooting/configure-cap-ipc-lock-and-cap-sys-nice-in-docker,manual,
/faq/operations/multi-region-replication.md,1,/resources/support-center/knowledge-base/cloud-services/multi-region-replication,manual,
/faq/operations/multi-region-replication,1,/resources/support-center/knowledge-base/cloud-services/multi-region-replication,manual,
/faq/operations/delete-old-data.md,1,/resources/support-center/knowledge-base/tables-schema/delete-old-data,manual,
/faq/operations/delete-old-data,1,/resources/support-center/knowledge-base/tables-schema/delete-old-data,manual,
/faq/operations/production.md,1,/resources/support-center/knowledge-base/setup-installation/production,manual,
/faq/operations/production,1,/resources/support-center/knowledge-base/setup-installation/production,manual,
/sql-reference/formats.md,1,/core/reference/formats,manual,
/sql-reference/formats.mdx,1,/core/reference/formats,manual,
/cloud/security/secure-s3,1,/products/cloud/guides/data-sources/accessing-s3-data-securely,manual,
https://clickhouse.com/docs/guides/sre/configuring-ssl,1,/core/concepts/features/security/tls/configuring-tls,manual,
https://clickhouse.com/docs/guides/sre/configuring-ssl/,1,/core/concepts/features/security/tls/configuring-tls,manual,
https://clickhouse.com/docs/integrations/language-clients/javascript#custom-httphttps-agent-experimental-nodejs-only,1,/integrations/language-clients/javascript/usage#custom-httphttps-agent-experimental-nodejs-only,manual,
/interfaces/,1,/core/concepts/features/interfaces/overview,manual,
https://clickhouse.com/docs/interfaces,1,/core/concepts/features/interfaces/overview,manual,
https://clickhouse.com/docs/knowledgebase/certificate_verify_failed_error,2,/resources/support-center/knowledge-base/troubleshooting/certificate-verify-failed-error,manual,
/docs/knowledgebase/certificate_verify_failed_error,2,/resources/support-center/knowledge-base/troubleshooting/certificate-verify-failed-error,manual,
https://clickhouse.com/docs/optimize/avoidoptimizefinal,2,/core/concepts/best-practices/avoid-optimize-final,manual,
/optimize/avoidoptimizefinal,2,/core/concepts/best-practices/avoid-optimize-final,manual,
/cloud/manage/api/usageCost-api-reference,2,/api-reference/billing/get-organization-usage-costs,manual,
/cloud/security/cloud-access-management/overview,2,/products/cloud/guides/security/cloud-access-management/manage-database-users,manual,
/core/concepts/features/interfaces/formats,5,/core/reference/formats,manual,
https://clickhouse.com/docs/sql-reference/formats,5,/core/reference/formats,manual,
https://clickhouse.com/docs/sql-reference/formats/,5,/core/reference/formats,manual,
/sql-reference/formats,5,/core/reference/formats,manual,
https://clickhouse.com/docs/faq/general/datalake,1,/resources/support-center/knowledge-base/general-faqs/datalake,manual,
/faq/general/datalake,1,/resources/support-center/knowledge-base/general-faqs/datalake,manual,
https://clickhouse.com/docs/faq/general/faq-index,1,/resources/support-center/knowledge-base/general-faqs/faq-index,manual,
/faq/general/faq-index,1,/resources/support-center/knowledge-base/general-faqs/faq-index,manual,
https://clickhouse.com/docs/faq/general/separate-storage,1,/resources/support-center/knowledge-base/general-faqs/separate-storage,manual,
/faq/general/separate-storage,1,/resources/support-center/knowledge-base/general-faqs/separate-storage,manual,
https://clickhouse.com/docs/faq/general/time-series,1,/resources/support-center/knowledge-base/general-faqs/time-series,manual,
/faq/general/time-series,1,/resources/support-center/knowledge-base/general-faqs/time-series,manual,
https://clickhouse.com/docs/faq/general/concurrency,1,/resources/support-center/knowledge-base/general-faqs/concurrency,manual,
/faq/general/concurrency,1,/resources/support-center/knowledge-base/general-faqs/concurrency,manual,
https://clickhouse.com/docs/faq/general/key-value,1,/resources/support-center/knowledge-base/general-faqs/key-value,manual,
/faq/general/key-value,1,/resources/support-center/knowledge-base/general-faqs/key-value,manual,
https://clickhouse.com/docs/faq/general/cost-based,1,/resources/support-center/knowledge-base/general-faqs/cost-based,manual,
/faq/general/cost-based,1,/resources/support-center/knowledge-base/general-faqs/cost-based,manual,
https://clickhouse.com/docs/faq/general/who-is-using-clickhouse,1,/resources/support-center/knowledge-base/general-faqs/who-is-using-clickhouse,manual,
/faq/general/who-is-using-clickhouse,1,/resources/support-center/knowledge-base/general-faqs/who-is-using-clickhouse,manual,
https://clickhouse.com/docs/faq/general/distributed-join,1,/resources/support-center/knowledge-base/general-faqs/distributed-join,manual,
/faq/general/distributed-join,1,/resources/support-center/knowledge-base/general-faqs/distributed-join,manual,
https://clickhouse.com/docs/faq/general/updates,1,/resources/support-center/knowledge-base/general-faqs/updates,manual,
/faq/general/updates,1,/resources/support-center/knowledge-base/general-faqs/updates,manual,
https://clickhouse.com/docs/faq/general/why-recommend-clickhouse-keeper-over-zookeeper,1,/resources/support-center/knowledge-base/general-faqs/why-recommend-clickhouse-keeper-over-zookeeper,manual,
/faq/general/why-recommend-clickhouse-keeper-over-zookeeper,1,/resources/support-center/knowledge-base/general-faqs/why-recommend-clickhouse-keeper-over-zookeeper,manual,
https://clickhouse.com/docs/faq/general/dependencies,1,/resources/support-center/knowledge-base/general-faqs/dependencies,manual,
/faq/general/dependencies,1,/resources/support-center/knowledge-base/general-faqs/dependencies,manual,
https://clickhouse.com/docs/faq/general/use-cases-index,1,/resources/support-center/knowledge-base/general-faqs/use-cases-index,manual,
/faq/general/use-cases-index,1,/resources/support-center/knowledge-base/general-faqs/use-cases-index,manual,
https://clickhouse.com/docs/faq/general/olap,1,/resources/support-center/knowledge-base/general-faqs/olap,manual,
/faq/general/olap,1,/resources/support-center/knowledge-base/general-faqs/olap,manual,
https://clickhouse.com/docs/faq/general/ne-tormozit,1,/resources/support-center/knowledge-base/general-faqs/ne-tormozit,manual,
/faq/general/ne-tormozit,1,/resources/support-center/knowledge-base/general-faqs/ne-tormozit,manual,
https://clickhouse.com/docs/faq/general/dbms-naming,1,/resources/support-center/knowledge-base/general-faqs/dbms-naming,manual,
/faq/general/dbms-naming,1,/resources/support-center/knowledge-base/general-faqs/dbms-naming,manual,
https://clickhouse.com/docs/faq/general/use-clickhouse-for-log-analytics,1,/resources/support-center/knowledge-base/general-faqs/use-clickhouse-for-log-analytics,manual,
/faq/general/use-clickhouse-for-log-analytics,1,/resources/support-center/knowledge-base/general-faqs/use-clickhouse-for-log-analytics,manual,
https://clickhouse.com/docs/faq/general/columnar-database,1,/resources/support-center/knowledge-base/general-faqs/columnar-database,manual,
/faq/general/columnar-database,1,/resources/support-center/knowledge-base/general-faqs/columnar-database,manual,
https://clickhouse.com/docs/faq/general/sql,1,/resources/support-center/knowledge-base/general-faqs/sql,manual,
/faq/general/sql,1,/resources/support-center/knowledge-base/general-faqs/sql,manual,
https://clickhouse.com/docs/faq/general/index,1,/resources/support-center/knowledge-base/general-faqs/index,manual,
/faq/general/index,1,/resources/support-center/knowledge-base/general-faqs/index,manual,
https://clickhouse.com/docs/faq/general/mapreduce,1,/resources/support-center/knowledge-base/general-faqs/mapreduce,manual,
/faq/general/mapreduce,1,/resources/support-center/knowledge-base/general-faqs/mapreduce,manual,
https://clickhouse.com/docs/faq/general/vector-search,1,/resources/support-center/knowledge-base/general-faqs/vector-search,manual,
/faq/general/vector-search,1,/resources/support-center/knowledge-base/general-faqs/vector-search,manual,
https://clickhouse.com/docs/faq/general/how-do-i-contribute-code-to-clickhouse,1,/resources/support-center/knowledge-base/general-faqs/how-do-i-contribute-code-to-clickhouse,manual,
/faq/general/how-do-i-contribute-code-to-clickhouse,1,/resources/support-center/knowledge-base/general-faqs/how-do-i-contribute-code-to-clickhouse,manual,
https://clickhouse.com/docs/faq/general/federated,1,/resources/support-center/knowledge-base/general-faqs/federated,manual,
/faq/general/federated,1,/resources/support-center/knowledge-base/general-faqs/federated,manual,
https://clickhouse.com/docs/faq/general/operations-index,1,/resources/support-center/knowledge-base/general-faqs/operations-index,manual,
/faq/general/operations-index,1,/resources/support-center/knowledge-base/general-faqs/operations-index,manual,
https://clickhouse.com/docs/get-started/quick-start,2,/core/get-started/setup/install,manual,
/integrations/data-formats/json,2,/core/guides/clickhouse/data-formats/json/intro,manual,
/knowledgebase,4,/resources/support-center/home,manual,
/language-clients/javascript,5,/integrations/language-clients/javascript/overview,manual,
/language-clients/javascript/release-notes,5,/integrations/language-clients/javascript/release-notes,manual,
/language-clients/javascript/reference,5,/integrations/language-clients/javascript/reference,manual,
/language-clients/javascript/examples,5,/integrations/language-clients/javascript/examples,manual,
/language-clients/javascript/usage,5,/integrations/language-clients/javascript/usage,manual,
/use-cases/observability/clickstack/deployment/overview,1,/products/clickstack/deployment/overview,manual,
/products/clickhouse-private,1,/products/clickhouse-private/deployment/bare-metal,manual,
/docs/products/clickhouse-private,1,/products/clickhouse-private/deployment/bare-metal,manual,
/docs/products/clickhouse-private/operational-guide,1,/products/clickhouse-private/management/operational-guide,manual,
/docs/products/clickhouse-private/howto-guides,1,/products/clickhouse-private/management/howto-guides,manual,
/docs/products/clickhouse-private/faq,1,/products/clickhouse-private/management/faq,manual,
/docs/products/clickhouse-private/breaking-changes,1,/products/clickhouse-private/overview/breaking-changes,manual,
/docs/products/clickhouse-private/api,1,/products/clickhouse-private/management/api,manual,
/docs/products/clickhouse-private/government,4,/products/clickhouse-private/deployment/government,manual,
/docs/products/clickhouse-private/bare-metal,4,/products/clickhouse-private/deployment/bare-metal,manual,
/docs/products/clickhouse-private/gcp,4,/products/clickhouse-private/deployment/gcp,manual,
/engines/table-engines/mergetree-family/textindexes,4,/core/reference/engines/table-engines/mergetree-family/textindexes,manual,
/click-stack/use-cases/observability/clickstack/deployment/hyperdx-clickhouse-cloud,4,/products/clickstack/deployment/managed,manual,
/getting-started/quick-start,7,/core/get-started/setup/install,manual,
/operations/settings/settings-formats.md/#input_format_skip_unknown_fields,12,,no-match,
/integrations/data-visualization/metabase-and-clickhouse.md,10,/integrations/connectors/data-visualization/metabase-and-clickhouse,basename-unique,
/integrations/language-clients/java/client/client.mdx,9,/core/concepts/features/interfaces/client,basename-ambiguous,/integrations/language-clients/java/client | /resources/contribute/native-protocol/client
/engines/table-engines/mergetree-family/mergetree.md/#table_engine-mergetree-s3,8,/core/reference/engines/table-engines/mergetree-family/mergetree,basename-unique,
/getting-started/install/install.mdx,8,/core/get-started/install/install,basename+parent-unique,/chdb/install
/knowledgebase/aws-privatelink-setup-for-clickpipes,8,,no-match,
/integrations/data-ingestion/data-formats/json/intro.md,8,/core/guides/clickhouse/data-formats/json/intro,basename+parent-unique,/core/get-started/about/intro | /core/guides/clickhouse/data-formats/intro | /products/clickstack/migration/elastic/intro | /products/cloud/getting-started/intro
/core/get-started/quick-start,7,/core/get-started/setup/install,manual,
/operations/settings/settings-formats.md/#input_format_with_names_use_header,7,,no-match,
/integrations/data-ingestion/clickpipes/mysql/faq.md,7,/integrations/clickpipes/mysql/faq,basename+parent-unique,/integrations/clickpipes/kafka/faq | /integrations/clickpipes/mongodb/faq | /integrations/clickpipes/postgres/faq | /products/bring-your-own-cloud/reference/faq | /products/clickstack/faq | /products/cloud/features/backups/faq | /products/managed-postgres/faq
/integrations/data-ingestion/kafka/index.md,7,/integrations/connectors/data-ingestion/kafka,basename+parent-unique,/integrations/clickpipes/kafka | /core/reference/engines/table-engines/integrations/kafka
/core/get-started/quickstarts/create-your-first-mergetree-table,6,,no-match,
/operations/settings/settings-formats.md/#input_format_import_nested_json,6,,no-match,
/operations/settings/settings-formats.md/#input_format_defaults_for_omitted_fields,6,,no-match,
/operations/storing-data.md/#using-local-cache,6,/core/concepts/features/configuration/server-config/storing-data,basename-unique,
/integrations/data-ingestion/etl-tools/dbt/index.md,5,/integrations/connectors/data-ingestion/etl-tools/dbt,basename-unique,
/sql-reference/functions/string-search-functions.md/#hasToken,5,/core/reference/functions/regular-functions/string-search-functions,basename-unique,
/sql-reference/functions/string-search-functions.md/#hasAllTokens,5,/core/reference/functions/regular-functions/string-search-functions,basename-unique,
/sql-reference/functions/string-search-functions.md/#hasAnyTokens,5,/core/reference/functions/regular-functions/string-search-functions,basename-unique,
/operations/settings/settings.md/#mutations_sync,5,/products/cloud/reference/settings,basename-ambiguous,/products/managed-postgres/settings | /core/reference/settings | /core/reference/settings/server-settings/settings | /core/reference/system-tables/settings
/operations/settings/settings-formats.md/#format_csv_delimiter,5,,no-match,
/use-cases/observability/clickstack/production,5,/use-cases/observability/clickstack/managing/production,redirect-direct,
/engines/table-engines/mergetree-family/mergetree.md/#mergetree-data-storage,5,/core/reference/engines/table-engines/mergetree-family/mergetree,basename-unique,
https://clickhouse.com/docs/cloud/manage/api/swagger#tag/ClickPipes/paths/~1v1~1organizations~1%7BorganizationId%7D~1services~1%7BserviceId%7D~1clickpipes/post,5,/api-reference/organization/get-list-of-available-organizations,manual,
/cloud/manage/api/swagger,5,/api-reference/organization/get-list-of-available-organizations,manual,
/core/guides/sre/user-management/index.md,4,,no-match,
/engines/table-engines/mergetree-family/invertedindexes,4,/core/reference/engines/table-engines/mergetree-family/textindexes,manual,
https://clickhouse.com/docs/en/sql-reference/statements/alter/projection,4,/core/reference/statements/alter/projection,basename-unique,
/core/get-started/quickstarts/build-etl-pipeline-using-clickhouse,4,,no-match,
/sql-reference/statements/alter/skipping-index.md/#materialize-index,4,/core/reference/statements/alter/skipping-index,basename-unique,
/operations/settings/settings-formats.md/#output_format_json_quote_64bit_integers,4,,no-match,
/operations/settings/settings-formats.md/#output_format_json_quote_denormals,4,,no-match,
/operations/settings/settings-formats.md/#output_format_json_array_of_rows,4,,no-match,
/operations/settings/settings-formats.md/#format_tsv_null_representation,4,,no-match,
https://clickhouse.com/docs,4,,no-match,
/knowledgebase/,4,/resources/support-center/home,manual,
/managed-postgres/read-replicas,4,/products/managed-postgres/read-replicas,basename-unique,
/managed-postgres/high-availability,4,/products/managed-postgres/high-availability,basename-unique,
/managed-postgres/connection,4,/products/managed-postgres/connection,basename-unique,
/use-cases/observability/clickstack/deployment/hyperdx-clickhouse-cloud,4,/products/clickstack/deployment/managed,manual,
/core/get-started/quickstarts/obtain-your-cloud-connection-details,3,,no-match,
/core/get-started/quickstarts/create-your-first-service-on-cloud,3,,no-match,
/knowledgebase/exception-too-many-parts,3,,no-match,
/operations/settings/settings-formats.md/#input_format_json_read_bools_as_numbers,3,,no-match,
/operations/settings/settings-formats.md/#input_format_json_read_bools_as_strings,3,,no-match,
/operations/settings/settings-formats.md/#input_format_json_read_numbers_as_strings,3,,no-match,
/operations/settings/settings-formats.md/#input_format_json_read_arrays_as_strings,3,,no-match,
/operations/settings/settings-formats.md/#input_format_json_read_objects_as_strings,3,,no-match,
/operations/settings/settings-formats.md/#input_format_json_named_tuples_as_objects,3,,no-match,
/operations/settings/settings-formats.md/#input_format_json_try_infer_numbers_from_strings,3,,no-match,
/operations/settings/settings-formats.md/#input_format_json_try_infer_named_tuples_from_objects,3,,no-match,
/operations/settings/settings-formats.md/#input_format_json_infer_incomplete_types_as_strings,3,,no-match,
/operations/settings/settings-formats.md/#input_format_json_defaults_for_missing_elements_in_named_tuple,3,,no-match,
/operations/settings/settings-formats.md/#input_format_json_ignore_unknown_keys_in_named_tuple,3,,no-match,
/operations/settings/settings-formats.md/#input_format_json_compact_allow_variable_number_of_columns,3,,no-match,
/operations/settings/settings-formats.md/#input_format_json_throw_on_bad_escape_sequence,3,,no-match,
/operations/settings/settings-formats.md/#input_format_json_empty_as_default,3,,no-match,
/operations/settings/settings-formats.md/#output_format_json_quote_64bit_floats,3,,no-match,
/operations/settings/settings-formats.md/#output_format_json_quote_decimals,3,,no-match,
/operations/settings/settings-formats.md/#output_format_json_escape_forward_slashes,3,,no-match,
/operations/settings/settings-formats.md/#output_format_json_named_tuples_as_objects,3,,no-match,
/operations/settings/settings-formats.md/#output_format_json_validate_utf8,3,,no-match,
/operations/storing-data.md/#configuring-external-storage,3,/core/concepts/features/configuration/server-config/storing-data,basename-unique,
/sql-reference/functions/tuple-map-functions.md/#mapValues,3,/core/reference/functions/regular-functions/tuple-map-functions,basename-unique,
/sql-reference/functions/string-search-functions.md/#match,3,/core/reference/functions/regular-functions/string-search-functions,basename-unique,
/sql-reference/functions/string-functions.md/#startsWith,3,/core/reference/functions/regular-functions/string-functions,basename-unique,
/sql-reference/functions/string-functions.md/#endsWith,3,/core/reference/functions/regular-functions/string-functions,basename-unique,
/sql-reference/functions/string-search-functions.md/#hasTokenOrNull,3,/core/reference/functions/regular-functions/string-search-functions,basename-unique,
/core/guides/sre/keeper/index.md,3,/core/guides/oss/deployment-and-scaling/keeper,basename-unique,
/sql-reference/statements/create/table.md/#default,3,/core/reference/statements/create/table,basename-unique,
/operations/settings/settings-formats.md/#input_format_with_types_use_header,3,,no-match,
/sql-reference/data-types/nested-data-structures/index.md,3,/core/reference/data-types/nested-data-structures,basename-unique,
/sql-reference/dictionaries#dictionary-sources,3,/core/concepts/features/dictionaries,basename-ambiguous,/core/reference/system-tables/dictionaries
/sql-reference/dictionaries,3,/core/concepts/features/dictionaries,basename-ambiguous,/core/reference/system-tables/dictionaries
https://clickhouse.com/docs/introduction/distinctive-features/#data-compression,3,/core/get-started/about/distinctive-features,basename-unique,
/whats-new/changelog/2019.md/#experimental-features-1,3,/resources/changelogs/oss/2019,basename-unique,
/language-clients/javascript/usage#streaming-files-nodejs-only,3,/products/cloud/guides/best-practices/usagelimits,contains-unique,
https://clickhouse.com/docs/cloud/manage/api/swagger#tag/ClickPipes,3,,no-match,
/sql-reference/functions/files.md/#file,3,/core/reference/functions/regular-functions/files,basename-unique,
/managed-postgres/quickstart,3,/products/managed-postgres/quickstart,basename+parent-unique,/integrations/clickpipes/mongodb/quickstart | /chdb/datastore/quickstart
/use-cases/observability/clickstack/production#configure-ttl,3,/use-cases/observability/clickstack/managing/production,redirect-direct,
/chdb/datastore/guides/pandas-performance,3,/chdb/guides/pandas-performance,basename-unique,
/core/get-started/quickstarts/create-your-first-materialized-view,2,,no-match,
/core/get-started/quickstarts/insert-data-using-clickhouse-client,2,,no-match,
https://clickhouse.com/docs/en/interfaces/formats,2,/core/reference/formats,manual,/core/concepts/features/interfaces/formats | /core/reference/formats | /core/reference/settings/formats | /core/reference/system-tables/formats
/operations/settings/settings.md/#materialize_skip_indexes_on_insert,2,/products/cloud/reference/settings,basename-ambiguous,/products/managed-postgres/settings | /core/reference/settings | /core/reference/settings/server-settings/settings | /core/reference/system-tables/settings
/operations/server-configuration-parameters/settings.md/#background_pool_size,2,/products/cloud/reference/settings,basename-ambiguous,/products/managed-postgres/settings | /core/reference/settings | /core/reference/settings/server-settings/settings | /core/reference/system-tables/settings
/operations/server-configuration-parameters/settings.md/#background_merges_mutations_concurrency_ratio,2,/products/cloud/reference/settings,basename-ambiguous,/products/managed-postgres/settings | /core/reference/settings | /core/reference/settings/server-settings/settings | /core/reference/system-tables/settings
/operations/settings/settings-formats.md/#format_regexp_escaping_rule,2,,no-match,
/sql-reference/aggregate-functions/reference/anyLast.md,2,/sql-reference/aggregate-functions/reference/anyLast,redirect-direct,
/engines/table-engines/mergetree-family/mergetree.md/#projections,2,/core/reference/engines/table-engines/mergetree-family/mergetree,basename-unique,
/sql-reference/aggregate-functions/reference/argMin.md,2,/sql-reference/aggregate-functions/reference/argMin,redirect-direct,
/sql-reference/aggregate-functions/reference/argMax.md,2,/sql-reference/aggregate-functions/reference/argMax,redirect-direct,
/operations/settings/settings.md/#join_use_nulls,2,/products/cloud/reference/settings,basename-ambiguous,/products/managed-postgres/settings | /core/reference/settings | /core/reference/settings/server-settings/settings | /core/reference/system-tables/settings
/sql-reference/functions/splitting-merging-functions.md/#tokens,2,/core/reference/functions/regular-functions/splitting-merging-functions,basename-unique,
/sql-reference/functions/string-functions.md/#lower,2,/core/reference/functions/regular-functions/string-functions,basename-unique,
/sql-reference/functions/string-functions.md/#lowerUTF8,2,/core/reference/functions/regular-functions/string-functions,basename-unique,
/sql-reference/functions/string-functions.md/#normalizeUTF8NFC,2,/core/reference/functions/regular-functions/string-functions,basename-unique,
/sql-reference/functions/string-functions.md/#normalizeUTF8NFD,2,/core/reference/functions/regular-functions/string-functions,basename-unique,
/sql-reference/functions/string-functions.md/#normalizeUTF8NFKC,2,/core/reference/functions/regular-functions/string-functions,basename-unique,
/sql-reference/functions/string-functions.md/#normalizeUTF8NFKD,2,/core/reference/functions/regular-functions/string-functions,basename-unique,
/sql-reference/functions/string-functions.md/#toValidUTF8,2,/core/reference/functions/regular-functions/string-functions,basename-unique,
/sql-reference/functions/string-functions.md/#extractTextFromHTML,2,/core/reference/functions/regular-functions/string-functions,basename-unique,
/sql-reference/functions/string-functions.md/#substring,2,/core/reference/functions/regular-functions/string-functions,basename-unique,
/sql-reference/functions/string-functions.md/#idnaEncode,2,/core/reference/functions/regular-functions/string-functions,basename-unique,
/engines/table-engines/mergetree-family/mergetree.md/#skip-index-types,2,/core/reference/engines/table-engines/mergetree-family/mergetree,basename-unique,
/sql-reference/functions/tuple-map-functions.md/#mapKeys,2,/core/reference/functions/regular-functions/tuple-map-functions,basename-unique,
/sql-reference/functions/json-functions.md/#JSONAllPaths,2,/core/reference/functions/regular-functions/json-functions,basename-unique,
/sql-reference/functions/tuple-map-functions.md/#mapvalues,2,/core/reference/functions/regular-functions/tuple-map-functions,basename-unique,
/sql-reference/functions/string-search-functions.md/#like,2,/core/reference/functions/regular-functions/string-search-functions,basename-unique,
/operations/server-configuration-parameters/settings.md/#background_schedule_pool_size,2,/products/cloud/reference/settings,basename-ambiguous,/products/managed-postgres/settings | /core/reference/settings | /core/reference/settings/server-settings/settings | /core/reference/system-tables/settings
/engines/table-engines/mergetree-family/mergetree.md/#table_engine-mergetree-multiple-volumes,2,/core/reference/engines/table-engines/mergetree-family/mergetree,basename-unique,
/sql-reference/statements/insert-into.md/#inserting-the-results-of-select,2,/core/reference/statements/insert-into,basename-unique,
/sql-reference/dictionaries#storing-dictionaries-in-memory,2,/core/concepts/features/dictionaries,basename-ambiguous,/core/reference/system-tables/dictionaries
/sql-reference/dictionaries#refreshing-dictionary-data-using-lifetime,2,/core/concepts/features/dictionaries,basename-ambiguous,/core/reference/system-tables/dictionaries
/operations/settings/settings-formats.md/#input_format_json_validate_types_from_metadata,2,,no-match,
/operations/settings/settings-formats.md/#format_json_object_each_row_column_for_object_name,2,,no-match,
/operations/settings/settings-formats.md/#input_format_csv_enum_as_number,2,,no-match,
/operations/settings/settings-formats.md/#output_format_csv_crlf_end_of_line,2,,no-match,
/operations/settings/settings-formats.md/#input_format_csv_skip_first_lines,2,,no-match,
/operations/settings/settings-formats.md/#input_format_tsv_enum_as_number,2,,no-match,
/operations/settings/settings-formats.md/#input_format_tsv_skip_first_lines,2,,no-match,
/operations/server-configuration-parameters/settings.md/#format_schema_path,2,/products/cloud/reference/settings,basename-ambiguous,/products/managed-postgres/settings | /core/reference/settings | /core/reference/settings/server-settings/settings | /core/reference/system-tables/settings
/operations/settings/settings-formats.md/#output_format_pretty_display_footer_column_names,2,,no-match,
/core/guides/developer/on-the-fly-mutations,2,/core/guides/developer/on-fly-mutations,redirect-direct,
/integrations/gcs,2,/integrations/data-ingestion/gcs,redirect-direct,
/engines/table-engines/mergetree-family/mergetree.md/#primary-keys-and-indexes-in-queries,2,/core/reference/engines/table-engines/mergetree-family/mergetree,basename-unique,
/knowledgebase/key-value,2,/resources/support-center/knowledge-base/general-faqs/key-value,basename-unique,
/interfaces/third-party/client-libraries.md,2,,no-match,
https://clickhouse.com/docs/knowledgebase/production#how-to-choose-between-clickhouse-releases,2,/resources/support-center/knowledge-base/setup-installation/production,basename-unique,
/integrations/language-clients/java/jdbc-v1#configuring-http-library,2,,no-match,
/language-clients/javascript/usage#keep-alive-configuration-nodejs-only,2,/products/cloud/guides/best-practices/usagelimits,contains-unique,
/language-clients/javascript/usage#custom-httphttps-agent-experimental-nodejs-only,2,/products/cloud/guides/best-practices/usagelimits,contains-unique,
/language-clients/javascript/usage#supported-data-formats,2,/products/cloud/guides/best-practices/usagelimits,contains-unique,
/integrations/mysql,2,/integrations/data-sources/mysql,redirect-direct,
//cloud/get-started/query-endpoints.md,2,/products/cloud/features/sql-console-features/query-endpoints,basename-ambiguous,/products/cloud/guides/sql-console/query-endpoints
/sql-reference/statements/insert-into.md/#inserting-data-from-a-file,2,/core/reference/statements/insert-into,basename-unique,
/engines/table-engines/integrations/s3.md/#settings,2,/core/reference/engines/table-engines/integrations/s3,basename+parent-unique,/core/reference/functions/table-functions/s3
/integrations/data-ingestion/dbms/jdbc-with-clickhouse.md,2,/integrations/connectors/data-ingestion/jdbc-with-clickhouse,basename-unique,
https://clickhouse.com/docs/en/sql-reference/table-functions/view/,2,/core/reference/functions/table-functions/view,basename+parent-unique,/core/reference/engines/table-engines/special/view | /core/reference/statements/alter/view | /core/reference/statements/create/view
https://clickhouse.com/docs/en/operations/system-tables/tables/,2,/core/reference/system-tables/tables,basename-unique,
/knowledgebase/how-to-connect-to-ch-cloud-using-ssh-keys,2,,no-match,
/whats-new/cloud,2,/cloud/reference/changelog/changelog,redirect-direct,
https://clickhouse.com/docs/cloud/security/cloud-access-management/overview,2,/products/cloud/guides/security/cloud-access-management/manage-database-users,manual,/core/concepts/features/configuration/settings/overview | /core/concepts/features/operations/delete/overview | /core/concepts/features/operations/update/overview | /core/get-started/migration-guides/bigquery/overview | /core/get-started/migration-guides/elastic/overview
https://clickhouse.com/docs/cloud/manage/api/usageCost-api-reference,2,/api-reference/billing/get-organization-usage-costs,manual,
/integrations/data-visualization/grafana/index.md,2,/integrations/connectors/data-visualization/grafana,basename+parent-unique,/core/guides/use-cases/observability/build-your-own/grafana
/interfaces/cli.md/#cli-queries-with-parameters,2,/core/concepts/features/interfaces/cli,basename-ambiguous,/products/cloud/features/cli
/knowledgebase/useful-queries-for-troubleshooting,2,,no-match,
/knowledgebase/certificate_verify_failed_error,2,/resources/support-center/knowledge-base/troubleshooting/certificate-verify-failed-error,manual,
/faq/general/why-clickhouse-is-so-fast,2,/core/get-started/about/why-clickhouse-is-so-fast,basename-unique,
https://clickhouse.com/docs/integrations/data-formats/json,2,/core/guides/clickhouse/data-formats/json/intro,manual,/core/guides/clickhouse/data-formats/json/exporting | /core/guides/clickhouse/data-formats/json/formats | /core/guides/clickhouse/data-formats/json/inference | /core/guides/clickhouse/data-formats/json/intro | /core/guides/clickhouse/data-formats/json/loading
/chdb/guides/querying-pandas,2,/chdb/guides/querying-pandas,basename-unique,
/managed-postgres/overview,2,/products/managed-postgres/overview,basename+parent-unique,/core/concepts/features/backup-restore/overview | /core/concepts/features/configuration/settings/overview | /core/concepts/features/operations/delete/overview | /core/concepts/features/operations/update/overview | /core/get-started/migration-guides/bigquery/overview | /core/get-started/migration-guides/elastic/overview | /core/get-started/migration-guides/overview | /core/get-started/migration-guides/postgres/overview | /core/get-started/migration-guides/redshift/overview | /core/get-started/migration-guides/snowflake/overview | /core/get-started/use-cases/overview | /core/guides/use-cases/data-warehousing/getting-started/overview | /integrations/clickpipes/bigquery/overview | /integrations/clickpipes/kinesis/overview | /integrations/clickpipes/object-storage/amazon-s3/overview | /integrations/clickpipes/object-storage/azure-blob-storage/overview | /integrations/clickpipes/object-storage/google-cloud-storage/overview | /integrations/connectors/data-ingestion/azure/azure-data-factory/overview | /core/concepts/features/interfaces/overview | /integrations/language-clients/csharp/overview | /products/clickstack/features/dashboards/overview | /products/clickstack/ingesting-data/overview | /products/clickstack/overview | /products/cloud/features/autoscaling/overview | /products/cloud/features/backups/overview | /products/cloud/features/monitoring/overview | /products/cloud/guides/infrastructure/deployment-options/byoc/overview | /products/cloud/reference/billing/marketplace/overview | /products/kubernetes-operator/overview | /core/reference/functions/regular-functions/overview | /core/reference/statements/create/dictionary/layouts/overview | /core/reference/statements/create/dictionary/sources/overview | /core/reference/system-tables/overview
/managed-postgres/backup-and-restore,2,/products/managed-postgres/backup-and-restore,basename-unique,
/managed-postgres/settings,2,/products/managed-postgres/settings,basename+parent-unique,/products/cloud/reference/settings | /core/reference/settings | /core/reference/settings/server-settings/settings | /core/reference/system-tables/settings
/cloud/reference/byoc/architecture,2,/cloud/guides/infrastructure/deployment_options/byoc/architecture,redirect-direct,
https://clickhouse.com/docs/cloud/manage/api/swagger#/paths/~1v1~1organizations~1:organizationId~1services~1:serviceId~1scaling/patch,2,,no-match,
/managed-postgres/quickstart#create-postgres-database,2,/products/managed-postgres/quickstart,basename+parent-unique,/integrations/clickpipes/mongodb/quickstart | /chdb/datastore/quickstart
/use-cases/observability/clickstack/ingesting-data/kubernetes#forwarding-resouce-tags-to-pods,2,/products/clickstack/example-datasets/kubernetes,basename-ambiguous,/products/clickstack/integration-examples/kubernetes
/examples/host-logs-dashboard.json,2,,no-match,
https://clickhouse.com/docs/en/sql-reference/data-types/aggregatefunction,2,/core/reference/data-types/aggregatefunction,basename-unique,
/chdb/datastore/debugging,2,/chdb/debugging,basename-unique,
/chdb/datastore/guides/pandas-differences,2,/chdb/guides/pandas-differences,basename-unique,
/chdb/datastore/guides/migration-from-pandas,2,/chdb/guides/migration-from-pandas,basename-unique,
/getting-started/index.md,1,/chdb/getting-started,basename-ambiguous,/products/clickstack/getting-started
https://clickhouse.com/docs/knowledgebase/fix-developer-verification-error-in-macos,1,,no-match,
https://clickhouse.com/docs/knowledgebase/why_default_logging_verbose,1,,no-match,
/integrations/data-ingestion/s3/index.md,1,/core/reference/engines/table-engines/integrations/s3,basename-ambiguous,/core/reference/functions/table-functions/s3
https://clickhouse.com/docs/en/sql-reference/table-functions/url,1,/core/reference/functions/table-functions/url,basename+parent-unique,/core/reference/engines/table-engines/special/url
/sql-reference/functions/geo/coordinates.md/#pointinpolygon,1,/core/reference/functions/regular-functions/geo/coordinates,basename-unique,
/core/get-started/quickstarts/create-your-first-projection,1,,no-match,
https://clickhouse.com/docs/en/sql-reference/statements/create/view#materialized-view,1,/core/reference/statements/create/view,basename+parent-unique,/core/reference/engines/table-engines/special/view | /core/reference/functions/table-functions/view | /core/reference/statements/alter/view
https://clickhouse.com/docs/en/engines/table-engines/mergetree-family/mergetree,1,/core/reference/engines/table-engines/mergetree-family/mergetree,basename-unique,
/quickstarts/materialized-views,1,/core/get-started/quickstarts/create-your-first-materialized-view,manual,/products/clickstack/managing/materialized-views | /resources/support-center/tips-and-tricks/materialized-views
/quickstarts/etl-pipeline,1,/core/get-started/quickstarts/build-etl-pipeline-using-clickhouse,manual,
/en/engines/table-engines/mergetree-family/mergetree,1,/core/reference/engines/table-engines/mergetree-family/mergetree,basename-unique,
/en/operations/system-tables/parts,1,/core/reference/system-tables/parts,basename+parent-unique,/core/concepts/core-concepts/parts
/en/sql-reference/data-types,1,/core/reference/data-types,manual,/core/reference/data-types
https://clickhouse.com/docs/en/interfaces/cli,1,/core/concepts/features/interfaces/cli,basename-ambiguous,/products/cloud/features/cli
https://clickhouse.com/docs/en/cloud/bestpractices/cloud-connection,1,,no-match,
https://clickhouse.com/docs/en/interfaces/tcp,1,/core/concepts/features/interfaces/tcp,basename-unique,
https://clickhouse.com/docs/en/interfaces/http,1,/core/concepts/features/security/external-authenticators/http,basename-ambiguous,/core/concepts/features/interfaces/http | /core/reference/statements/create/dictionary/sources/http
/en/operations/utilities/clickhouse-local,1,/core/concepts/features/tools-and-utilities/clickhouse-local,manual,/chdb/guides/clickhouse-local
/core/get-started/quickstarts/common-getting-started-issues,1,/core/get-started/quickstarts/home,manual,
/en/sql-reference/data-types/map,1,/core/reference/data-types/map,basename-unique,
/en/sql-reference/aggregate-functions/combinators,1,/core/reference/functions/aggregate-functions/combinators,basename-unique,
/integrations/postgresql/connecting-to-postgresql,1,/integrations/data-ingestion/dbms/postgresql/connecting-to-postgresql,redirect-direct,
/integrations/data-ingestion/etl-tools/airbyte-and-clickhouse.md,1,/integrations/connectors/data-ingestion/etl-tools/airbyte-and-clickhouse,basename-unique,
/integrations/data-ingestion/etl-tools/vector-to-clickhouse.md,1,/integrations/connectors/data-ingestion/etl-tools/vector-to-clickhouse,basename-unique,
/operations/settings/settings-formats.md/#format_capn_proto_enum_comparising_mode,1,,no-match,
/operations/settings/settings-formats.md/#format_regexp,1,,no-match,
/operations/settings/settings-formats.md/#output_format_arrow_string_as_string,1,,no-match,
/operations/settings/settings-formats.md/#output_format_orc_compression_method,1,,no-match,
/operations/settings/settings-formats.md/#input_format_arrow_case_insensitive_column_matching,1,,no-match,
/operations/settings/settings-formats.md/#input_format_arrow_allow_missing_columns,1,,no-match,
/operations/settings/settings-formats.md/#input_format_arrow_skip_columns_with_unsupported_types_in_schema_inference,1,,no-match,
/operations/settings/settings-formats.md/#input_format_mysql_dump_table_name,1,,no-match,
/operations/settings/settings-formats.md/#input_format_msgpack_number_of_columns,1,,no-match,
/operations/settings/settings-formats.md/#output_format_msgpack_uuid_representation,1,,no-match,
/sql-reference/aggregate-functions/reference/sumWithOverflow.md,1,/sql-reference/aggregate-functions/reference/sumWithOverflow,redirect-direct,
/sql-reference/aggregate-functions/reference/groupBitAnd.md,1,/sql-reference/aggregate-functions/reference/groupBitAnd,redirect-direct,
/sql-reference/aggregate-functions/reference/groupBitOr.md,1,/sql-reference/aggregate-functions/reference/groupBitOr,redirect-direct,
/sql-reference/aggregate-functions/reference/groupBitXor.md,1,/sql-reference/aggregate-functions/reference/groupBitXor,redirect-direct,
/sql-reference/aggregate-functions/reference/groupArrayArray.md,1,/sql-reference/aggregate-functions/reference/groupArrayArray,redirect-direct,
/sql-reference/aggregate-functions/reference/sumMappedArrays.md,1,,no-match,
/sql-reference/aggregate-functions/reference/minMappedArrays.md,1,,no-match,
/sql-reference/aggregate-functions/reference/maxMappedArrays.md,1,,no-match,
/sql-reference/table-functions/file.md/#globs-in-path,1,/core/reference/functions/table-functions/file,basename+parent-unique,/core/reference/engines/table-engines/special/file
/engines/table-engines/mergetree-family/mergetree.md/#virtual-columns,1,/core/reference/engines/table-engines/mergetree-family/mergetree,basename-unique,
/operations/workload-scheduling.md/#hierarchy,1,/core/concepts/features/configuration/server-config/workload-scheduling,basename-unique,
/knowledgebase/count-parts-by-type,1,/resources/support-center/knowledge-base/troubleshooting/count-parts-by-type,manual,
/sql-reference/functions/splitting-merging-functions.md/#splitByNonAlpha,1,/core/reference/functions/regular-functions/splitting-merging-functions,basename-unique,
/sql-reference/aggregate-functions/reference/quantileDeterministic.md,1,/sql-reference/aggregate-functions/reference/quantileDeterministic,redirect-direct,
/sql-reference/aggregate-functions/reference/quantileExact.md,1,/sql-reference/aggregate-functions/reference/quantileExact,redirect-direct,
/sql-reference/aggregate-functions/reference/quantileExactWeighted.md,1,/sql-reference/aggregate-functions/reference/quantileExactWeighted,redirect-direct,
/sql-reference/aggregate-functions/reference/quantileTiming.md,1,/sql-reference/aggregate-functions/reference/quantileTiming,redirect-direct,
/sql-reference/aggregate-functions/reference/quantileTimingWeighted.md,1,/sql-reference/aggregate-functions/reference/quantileTimingWeighted,redirect-direct,
/sql-reference/aggregate-functions/reference/quantileTDigest.md,1,/sql-reference/aggregate-functions/reference/quantileTDigest,redirect-direct,
/sql-reference/aggregate-functions/reference/quantileTDigestWeighted.md,1,/sql-reference/aggregate-functions/reference/quantileTDigestWeighted,redirect-direct,
/sql-reference/aggregate-functions/reference/quantileBFloat16.md,1,/sql-reference/aggregate-functions/reference/quantileBFloat16,redirect-direct,
/sql-reference/aggregate-functions/reference/quantileDD.md,1,/core/reference/functions/aggregate-functions/reference/quantileddsketch,contains-unique,
/sql-reference/functions/other-functions.md/#joinGet,1,/core/reference/functions/regular-functions/other-functions,basename-unique,
/operations/settings/settings.md/#join_any_take_last_row,1,/products/cloud/reference/settings,basename-ambiguous,/products/managed-postgres/settings | /core/reference/settings | /core/reference/settings/server-settings/settings | /core/reference/system-tables/settings
/core/guides/best-practices/asyncinserts.md,1,/core/concepts/features/operations/insert/asyncinserts,basename-unique,
/sql-reference/statements/create/table.md/#default_values,1,/core/reference/statements/create/table,basename-unique,
/sql-reference/functions/splitting-merging-functions.md/#tokensForLikePattern,1,/core/reference/functions/regular-functions/splitting-merging-functions,basename-unique,
/sql-reference/functions/string-functions.md/#caseFoldUTF8,1,/core/reference/functions/regular-functions/string-functions,basename-unique,
/sql-reference/functions/string-functions.md/#normalizeUTF8NFKCCasefold,1,/core/reference/functions/regular-functions/string-functions,basename-unique,
/sql-reference/functions/string-replace-functions.md/#translate,1,/core/reference/functions/regular-functions/string-replace-functions,basename-unique,
/sql-reference/functions/string-functions.md/#removeDiacriticsUTF8,1,/core/reference/functions/regular-functions/string-functions,basename-unique,
/sql-reference/functions/string-search-functions.md/#hasPhrase,1,/core/reference/functions/regular-functions/string-search-functions,basename-unique,
/sql-reference/functions/tuple-map-functions.md/#mapkeys,1,/core/reference/functions/regular-functions/tuple-map-functions,basename-unique,
/sql-reference/statements/select/order-by.md/#sorting-of-special-values,1,/core/reference/statements/select/order-by,basename+parent-unique,/core/reference/statements/alter/order-by
/operations/settings/settings.md/#max_threads,1,/products/cloud/reference/settings,basename-ambiguous,/products/managed-postgres/settings | /core/reference/settings | /core/reference/settings/server-settings/settings | /core/reference/system-tables/settings
/operations/settings/settings.md/#force_index_by_date,1,/products/cloud/reference/settings,basename-ambiguous,/products/managed-postgres/settings | /core/reference/settings | /core/reference/settings/server-settings/settings | /core/reference/system-tables/settings
/sql-reference/functions/string-functions.md/#sparseGrams,1,/core/reference/functions/regular-functions/string-functions,basename-unique,
/sql-reference/functions/comparison-functions.md/#equals,1,/core/reference/functions/regular-functions/comparison-functions,basename-unique,
/sql-reference/functions/comparison-functions.md/#notEquals,1,/core/reference/functions/regular-functions/comparison-functions,basename-unique,
/sql-reference/functions/string-search-functions.md/#notLike,1,/core/reference/functions/regular-functions/string-search-functions,basename-unique,
/sql-reference/functions/string-search-functions.md/#multiSearchAny,1,/core/reference/functions/regular-functions/string-search-functions,basename-unique,
/sql-reference/functions/comparison-functions.md/#less,1,/core/reference/functions/regular-functions/comparison-functions,basename-unique,
/sql-reference/functions/comparison-functions.md/#greater,1,/core/reference/functions/regular-functions/comparison-functions,basename-unique,
/sql-reference/functions/comparison-functions.md/#lessOrEquals,1,/core/reference/functions/regular-functions/comparison-functions,basename-unique,
/sql-reference/functions/comparison-functions.md/#greaterOrEquals,1,/core/reference/functions/regular-functions/comparison-functions,basename-unique,
/sql-reference/functions/string-search-functions.md/#hasTokenCaseInsensitive,1,/core/reference/functions/regular-functions/string-search-functions,basename-unique,
/sql-reference/functions/string-search-functions.md/#hasTokenCaseInsensitiveOrNull,1,/core/reference/functions/regular-functions/string-search-functions,basename-unique,
/integrations/data-ingestion/gcs/index.md/#creating-a-disk,1,/core/reference/functions/table-functions/gcs,basename-unique,
/operations/server-configuration-parameters/settings.md/#path,1,/products/cloud/reference/settings,basename-ambiguous,/products/managed-postgres/settings | /core/reference/settings | /core/reference/settings/server-settings/settings | /core/reference/system-tables/settings
/operations/server-configuration-parameters/settings.md/#background_move_pool_size,1,/products/cloud/reference/settings,basename-ambiguous,/products/managed-postgres/settings | /core/reference/settings | /core/reference/settings/server-settings/settings | /core/reference/system-tables/settings
/operations/settings/merge-tree-settings.md/#min_bytes_to_rebalance_partition_over_jbod,1,/core/reference/settings/merge-tree-settings,basename-unique,
/operations/storing-data.md/#refresh-parts-interval-and-table-disk,1,/core/concepts/features/configuration/server-config/storing-data,basename-unique,
/operations/settings/settings.md/#max_replica_delay_for_distributed_queries,1,/products/cloud/reference/settings,basename-ambiguous,/products/managed-postgres/settings | /core/reference/settings | /core/reference/settings/server-settings/settings | /core/reference/system-tables/settings
/operations/settings/settings.md/#fallback_to_stale_replicas_for_distributed_queries,1,/products/cloud/reference/settings,basename-ambiguous,/products/managed-postgres/settings | /core/reference/settings | /core/reference/settings/server-settings/settings | /core/reference/system-tables/settings
/operations/server-configuration-parameters/settings.md/#merge_tree,1,/products/cloud/reference/settings,basename-ambiguous,/products/managed-postgres/settings | /core/reference/settings | /core/reference/settings/server-settings/settings | /core/reference/system-tables/settings
/operations/server-configuration-parameters/settings.md/#macros,1,/products/cloud/reference/settings,basename-ambiguous,/products/managed-postgres/settings | /core/reference/settings | /core/reference/settings/server-settings/settings | /core/reference/system-tables/settings
/operations/server-configuration-parameters/settings.md/#background_fetches_pool_size,1,/products/cloud/reference/settings,basename-ambiguous,/products/managed-postgres/settings | /core/reference/settings | /core/reference/settings/server-settings/settings | /core/reference/system-tables/settings
/operations/settings/merge-tree-settings.md/#max_replicated_fetches_network_bandwidth,1,/core/reference/settings/merge-tree-settings,basename-unique,
/operations/settings/merge-tree-settings.md/#max_replicated_sends_network_bandwidth,1,/core/reference/settings/merge-tree-settings,basename-unique,
/sql-reference/statements/kill.md/#kill-mutation,1,/core/reference/statements/kill,basename-unique,
/engines/table-engines/mergetree-family/mergetree.md/#mergetree-column-ttl,1,/core/reference/engines/table-engines/mergetree-family/mergetree,basename-unique,
/engines/table-engines/mergetree-family/mergetree.md/#column-level-settings,1,/core/reference/engines/table-engines/mergetree-family/mergetree,basename-unique,
/sql-reference/statements/rename.md/#rename-table,1,/core/reference/statements/rename,basename-unique,
/core/guides/best-practices/sparse-primary-indexes.md/#option-3-projections,1,/core/guides/clickhouse/data-modelling/sparse-primary-indexes,basename-unique,
/sql-reference/statements/create/dictionary/overview.md,1,/core/concepts/features/backup-restore/overview,basename-ambiguous,/core/concepts/features/configuration/settings/overview | /core/concepts/features/operations/delete/overview | /core/concepts/features/operations/update/overview | /core/get-started/migration-guides/bigquery/overview | /core/get-started/migration-guides/elastic/overview
/sql-reference/dictionaries#dbms,1,/core/concepts/features/dictionaries,basename-ambiguous,/core/reference/system-tables/dictionaries
/knowledgebase/oracle-odbc,1,/resources/support-center/knowledge-base/integrations/oracle-odbc,basename-unique,
/operations/settings/settings-formats.md/#format_custom_field_delimiter,1,,no-match,
/operations/settings/settings-formats.md/#format_custom_row_before_delimiter,1,,no-match,
/operations/settings/settings-formats.md/#format_custom_row_after_delimiter,1,,no-match,
/operations/settings/settings-formats.md/#format_custom_row_between_delimiter,1,,no-match,
/operations/settings/settings-formats.md/#format_custom_result_before_delimiter,1,,no-match,
/operations/settings/settings-formats.md/#format_custom_result_after_delimiter,1,,no-match,
/operations/settings/settings-formats.md/#input_format_avro_allow_missing_fields,1,,no-match,
/operations/settings/settings-formats.md/#output_format_avro_codec,1,,no-match,
/operations/settings/settings-formats.md/#output_format_avro_sync_interval,1,,no-match,
/operations/settings/settings-formats.md/#format_csv_null_representation,1,,no-match,
/operations/settings/settings-formats.md/#format_csv_allow_single_quotes,1,,no-match,
/operations/settings/settings-formats.md/#format_csv_allow_double_quotes,1,,no-match,
/operations/settings/settings-formats.md/#input_format_csv_empty_as_default,1,,no-match,
/operations/settings/settings-formats.md/#input_format_csv_use_best_effort_in_schema_inference,1,,no-match,
/operations/settings/settings-formats.md/#input_format_csv_arrays_as_nested_csv,1,,no-match,
/operations/settings/settings-formats.md/#input_format_csv_detect_header,1,,no-match,
/operations/settings/settings-formats.md/#input_format_csv_skip_trailing_empty_lines,1,,no-match,
/operations/settings/settings-formats.md/#input_format_csv_trim_whitespaces,1,,no-match,
/operations/settings/settings-formats.md/#input_format_csv_allow_whitespace_or_tab_as_delimiter,1,,no-match,
/operations/settings/settings-formats.md/#input_format_csv_allow_variable_number_of_columns,1,,no-match,
/operations/settings/settings-formats.md/#input_format_csv_use_default_on_bad_values,1,,no-match,
/operations/settings/settings-formats.md/#input_format_csv_try_infer_numbers_from_strings,1,,no-match,
/operations/settings/settings-formats.md/#input_format_tsv_empty_as_default,1,,no-match,
/operations/settings/settings-formats.md/#input_format_tsv_use_best_effort_in_schema_inference,1,,no-match,
/operations/settings/settings-formats.md/#output_format_tsv_crlf_end_of_line,1,,no-match,
/operations/settings/settings-formats.md/#input_format_tsv_crlf_end_of_line,1,,no-match,
/operations/settings/settings-formats.md/#input_format_tsv_detect_header,1,,no-match,
/operations/settings/settings-formats.md/#input_format_tsv_skip_trailing_empty_lines,1,,no-match,
/operations/settings/settings-formats.md/#input_format_tsv_allow_variable_number_of_columns,1,,no-match,
/operations/settings/settings-formats.md#input_format_protobuf_oneof_presence,1,,no-match,
/operations/settings/settings-formats.md#format_protobuf_use_autogenerated_schema,1,,no-match,
/sql-reference/statements/system.md/#system-drop-schema-format,1,/core/reference/statements/system,basename-unique,
/operations/settings/settings-formats.md/#output_format_pretty_max_rows,1,,no-match,
/operations/settings/settings-formats.md/#output_format_pretty_max_column_pad_width,1,,no-match,
/operations/settings/settings-formats.md/#output_format_pretty_max_value_width,1,,no-match,
/operations/settings/settings-formats.md/#output_format_pretty_color,1,,no-match,
/operations/settings/settings-formats.md/#output_format_pretty_grid_charset,1,,no-match,
/operations/settings/settings-formats.md/#output_format_pretty_row_numbers,1,,no-match,
/operations/settings/settings-formats.md/#output_format_pretty_display_footer_column_names_min_rows,1,,no-match,
/operations/settings/settings-formats.md/#output_format_avro_string_column_pattern,1,,no-match,
/operations/settings/settings-formats.md/#format_binary_max_string_size,1,,no-match,
/operations/settings/settings-formats.md/#output_format_binary_write_json_as_string,1,,no-match,
/operations/settings/settings-formats.md/#input_format_binary_read_json_as_string,1,,no-match,
https://clickhouse.com/docs/best-practices/...,1,,no-match,
/joining-tables,1,/core/concepts/features/operations/select/joining-tables,basename-unique,
/deployment-guides/terminology.md,1,/core/guides/oss/deployment-and-scaling/terminology,basename-unique,
/managing-data/update_mutations,1,/managing-data/updating-data/update_mutations,redirect-direct,
/integrations/data-ingestion/s3/index.md#configuring-s3-for-clickhouse-use,1,/core/reference/engines/table-engines/integrations/s3,basename-ambiguous,/core/reference/functions/table-functions/s3
/sql-reference/dictionaries#postgresql,1,/core/concepts/features/dictionaries,basename-ambiguous,/core/reference/system-tables/dictionaries
/sql-reference/dictionaries#ways-to-store-dictionaries-in-memory,1,/core/concepts/features/dictionaries,basename-ambiguous,/core/reference/system-tables/dictionaries
/sql-reference/dictionaries#hierarchical-dictionaries,1,/core/concepts/features/dictionaries,basename-ambiguous,/core/reference/system-tables/dictionaries
/sql-reference/dictionaries#polygon-dictionaries,1,/core/concepts/features/dictionaries,basename-ambiguous,/core/reference/system-tables/dictionaries
/sql-reference/dictionaries#regexp-tree-dictionary,1,/core/concepts/features/dictionaries,basename-ambiguous,/core/reference/system-tables/dictionaries
/interfaces/third-party/gui#clickhouse-flamegraph,1,/core/guides/use-cases/ai-ml,contains-ambiguous,/core/guides/use-cases/ai-ml/MCP | /core/guides/use-cases/ai-ml/MCP/ai-agent-libraries | /core/guides/use-cases/ai-ml/MCP/ai-agent-libraries/agno | /core/guides/use-cases/ai-ml/MCP/ai-agent-libraries/chainlit | /core/guides/use-cases/ai-ml/MCP/ai-agent-libraries/claude-agent-sdk
/core/guides/sre/keeper/index.md#four-letter-word-commands,1,/core/guides/oss/deployment-and-scaling/keeper,basename-unique,
/operations/settings/settings-query-level.md,1,/core/concepts/features/configuration/settings/settings-query-level,basename-unique,
/operations/settings/settings.md/#http_connection_timeout,1,/products/cloud/reference/settings,basename-ambiguous,/products/managed-postgres/settings | /core/reference/settings | /core/reference/settings/server-settings/settings | /core/reference/system-tables/settings
/operations/settings/settings.md/#http_receive_timeout,1,/products/cloud/reference/settings,basename-ambiguous,/products/managed-postgres/settings | /core/reference/settings | /core/reference/settings/server-settings/settings | /core/reference/system-tables/settings
/core/reference/settings/server-settings/settings#http_handlers,1,/core/reference/settings/server-settings/settings,basename+parent-unique,/products/cloud/reference/settings | /products/managed-postgres/settings | /core/reference/settings | /core/reference/system-tables/settings
/operations/settings/settings.md/#use_concurrency_control,1,/products/cloud/reference/settings,basename-ambiguous,/products/managed-postgres/settings | /core/reference/settings | /core/reference/settings/server-settings/settings | /core/reference/system-tables/settings
/products/cloud/guides/sql-console/connection_details,1,/products/cloud/guides/sql-console/connection-details,basename-unique,
/products/cloud/guides/backups/01_review-and-restore-backups,1,,no-match,
/products/cloud/guides/backups/02_configurable-backups,1,,no-match,
/products/cloud/guides/data-sources/02_accessing-s3-data-securely,1,,no-match,
/products/cloud/guides/data-sources/01_cloud-endpoints-api,1,,no-match,
/optimize/partitioning-key,1,/core/guides/best-practices/partitioningkey,redirect-direct,
/engines/table-engines/mergetree-family/mergetree.md/#table_engine-mergetree-data_skipping-indexes,1,/core/reference/engines/table-engines/mergetree-family/mergetree,basename-unique,
/core/guides/best-practices/skipping-indexes.md,1,/core/concepts/features/performance/skip-indexes/skipping-indexes,basename-unique,
/engines/table-engines/mergetree-family/mergetree.md/#choosing-a-primary-key-that-differs-from-the-sorting-key,1,/core/reference/engines/table-engines/mergetree-family/mergetree,basename-unique,
https://clickhouse.com/docs/introduction/distinctive-features/#true-column-oriented-dbms,1,/core/get-started/about/distinctive-features,basename-unique,
/sql-reference/dictionaries#ip_trie,1,/core/concepts/features/dictionaries,basename-ambiguous,/core/reference/system-tables/dictionaries
/sql-reference/dictionaries#use-regular-expression-tree-dictionary-in-clickhouse-open-source,1,/core/concepts/features/dictionaries,basename-ambiguous,/core/reference/system-tables/dictionaries
/sql-reference/dictionaries#collecting-attribute-values,1,/core/concepts/features/dictionaries,basename-ambiguous,/core/reference/system-tables/dictionaries
/blog/clickhouse-and-parquet-a-foundation-for-fast-lakehouse-analytics,1,,no-match,
/optimize/sparse-primary-indexes,1,/core/guides/clickhouse/data-modelling/sparse-primary-indexes,basename-unique,
/sql-reference/data-types/json,1,/core/concepts/best-practices/json-type,contains-ambiguous,/core/guides/clickhouse/data-formats/json/exporting | /core/guides/clickhouse/data-formats/json/formats | /core/guides/clickhouse/data-formats/json/inference | /core/guides/clickhouse/data-formats/json/intro | /core/guides/clickhouse/data-formats/json/loading
/images/clickpipes/clickpipes_stack.png,1,,no-match,
/images/clickpipes/cp_custom_role.png,1,,no-match,
/images/clickpipes/cp_advanced_settings.png,1,,no-match,
/knowledgebase/aws-privatelink-setup-for-msk-clickpipes,1,,no-match,
/integrations/clickpipes/object-storage,1,/core/get-started/migration-guides/other-methods/object-storage-to-clickhouse,contains-ambiguous,/integrations/clickpipes/object-storage/amazon-s3/get-started | /integrations/clickpipes/object-storage/amazon-s3/overview | /integrations/clickpipes/object-storage/amazon-s3/unordered-mode | /integrations/clickpipes/object-storage/azure-blob-storage/get-started | /integrations/clickpipes/object-storage/azure-blob-storage/overview
/integrations/data-ingestion/clickpipes/kinesis.md,1,/integrations/clickpipes/kinesis,basename-unique,
https://clickhouse.com/docs/en/sql-reference/data-types/special-data-types/interval,1,/core/reference/data-types/special-data-types/interval,basename-unique,
/language-clients/javascript/usage#contact-us,1,/products/cloud/guides/best-practices/usagelimits,contains-unique,
/language-clients/javascript/usage#proxy-with-a-pathname,1,/products/cloud/guides/best-practices/usagelimits,contains-unique,
/language-clients/javascript/usage#compression,1,/products/cloud/guides/best-practices/usagelimits,contains-unique,
/language-clients/javascript/usage#logging-nodejs-only,1,/products/cloud/guides/best-practices/usagelimits,contains-unique,
/language-clients/javascript/usage#reverse-proxy-with-authentication,1,/products/cloud/guides/best-practices/usagelimits,contains-unique,
/language-clients/javascript/usage#tls-certificates-nodejs-only,1,/products/cloud/guides/best-practices/usagelimits,contains-unique,
https://clickhouse.com/docs/en/integrations/language-clients/javascript#custom-httphttps-agent-experimental-nodejs-only,1,,no-match,
https://clickhouse.com/docs/en/sql-reference/statements/create/table#ephemeral,1,/core/reference/statements/create/table,basename-unique,
https://clickhouse.com/docs/en/integrations/data-formats/parquet,1,/core/guides/clickhouse/data-formats/parquet,basename-unique,
https://clickhouse.com/docs/en/guides/sre/configuring-ssl/,1,,no-match,
/language-clients/java/client/_v0_8,1,/integrations/language-clients/java/client,manual,
/images/cloud/security/secures3_arn.png,1,,no-match,
https://clickhouse.com/docs/cloud/manage/api/swagger#tag/beta,1,,no-match,
https://clickhouse.com/docs/integrations/gcs#create-a-service-account-hmac-key-and-secret,1,/core/reference/functions/table-functions/gcs,basename-unique,
/images/integrations/data-ingestion/clickpipes/mysql/source/azure-flexible-server-mysql/1_configure_network_security.png,1,,no-match,
/images/integrations/data-ingestion/clickpipes/postgres/source/alloydb/1_edit_instance.png,1,,no-match,
/images/integrations/data-ingestion/clickpipes/postgres/source/alloydb/2_set_flags.png,1,,no-match,
/images/integrations/data-ingestion/clickpipes/postgres/source/alloydb/3_verify_logical_replication.png,1,,no-match,
/images/integrations/data-ingestion/clickpipes/postgres/source/alloydb/4_configure_network_security.png,1,,no-match,
/images/integrations/data-ingestion/clickpipes/mongodb/docdb-select-parameter-group.png,1,,no-match,
/images/integrations/data-ingestion/clickpipes/mongodb/docdb-modify-parameter-group.png,1,,no-match,
/images/integrations/data-ingestion/clickpipes/mongodb/docdb-apply-parameter-group.png,1,,no-match,
/images/integrations/data-ingestion/clickpipes/mongodb/docdb-parameter-group-status.png,1,,no-match,
/interfaces/third-party/gui,1,/core/guides/use-cases/ai-ml,contains-ambiguous,/core/guides/use-cases/ai-ml/MCP | /core/guides/use-cases/ai-ml/MCP/ai-agent-libraries | /core/guides/use-cases/ai-ml/MCP/ai-agent-libraries/agno | /core/guides/use-cases/ai-ml/MCP/ai-agent-libraries/chainlit | /core/guides/use-cases/ai-ml/MCP/ai-agent-libraries/claude-agent-sdk
/interfaces/third-party/proxy,1,,no-match,
/interfaces/third-party/integrations,1,/products/cloud/features/integrations,basename-ambiguous,/products/cloud/features/monitoring/integrations | /core/reference/engines/table-engines/integrations | /resources/support-center/knowledge-base/integrations
/integrations/azure-data-factory,1,/integrations/data-ingestion/azure-data-factory,redirect-direct,
/integrations/redis,1,/core/reference/engines/table-engines/integrations/redis,basename+parent-unique,/core/reference/functions/table-functions/redis | /core/reference/statements/create/dictionary/sources/redis
/integrations/rabbitmq,1,/core/reference/engines/table-engines/integrations/rabbitmq,basename-unique,
/integrations/mongodb,1,/core/reference/engines/table-engines/integrations/mongodb,basename+parent-unique,/integrations/clickpipes/mongodb | /core/reference/functions/table-functions/mongodb | /core/reference/statements/create/dictionary/sources/mongodb
/integrations/hive,1,/core/reference/engines/table-engines/integrations/hive,basename-unique,
/integrations/hudi,1,/core/reference/engines/table-engines/integrations/hudi,basename+parent-unique,/core/reference/functions/table-functions/hudi
/integrations/iceberg,1,/core/reference/engines/table-engines/integrations/iceberg,basename+parent-unique,/core/reference/functions/table-functions/iceberg
/integrations/deltalake,1,/core/reference/engines/table-engines/integrations/deltalake,basename+parent-unique,/core/reference/functions/table-functions/deltalake
/integrations/rocksdb,1,/core/reference/system-tables/rocksdb,basename-unique,
/integrations/sqlite,1,/core/reference/engines/table-engines/integrations/sqlite,basename+parent-unique,/core/reference/engines/database-engines/sqlite | /core/reference/functions/table-functions/sqlite
/integrations/nats,1,/core/reference/engines/table-engines/integrations/nats,basename-unique,
/integrations/data-ingestion/data-formats/binary.md,1,/core/guides/clickhouse/data-formats/binary,basename-unique,
/integrations/data-ingestion/data-formats/csv-tsv.md,1,/core/guides/clickhouse/data-formats/csv-tsv,basename-unique,
/integrations/data-ingestion/data-formats/parquet.md,1,/core/guides/clickhouse/data-formats/parquet,basename-unique,
/integrations/data-ingestion/data-formats/sql.md,1,/core/guides/clickhouse/data-formats/sql,basename+parent-unique,/resources/support-center/knowledge-base/general-faqs/sql
/operations/settings/settings-formats.md/#output_format_sql_insert_include_column_names,1,,no-match,
/operations/settings/settings-formats.md/#output_format_sql_insert_max_batch_size,1,,no-match,
/operations/settings/settings-formats.md/#format_regexp_skip_unmatched,1,,no-match,
/engines/table-engines/integrations/s3.md/#wildcards-in-path,1,/core/reference/engines/table-engines/integrations/s3,basename+parent-unique,/core/reference/functions/table-functions/s3
/operations/server-configuration-parameters/settings.md/#default_replica_path,1,/products/cloud/reference/settings,basename-ambiguous,/products/managed-postgres/settings | /core/reference/settings | /core/reference/settings/server-settings/settings | /core/reference/system-tables/settings
/integrations/dbt/materialized-views,1,/core/concepts/features/materialized-views,basename-ambiguous,/products/clickstack/managing/materialized-views | /resources/support-center/tips-and-tricks/materialized-views
https://clickhouse.com/docs/en/beta-and-experimental-features,1,/core/reference/settings/beta-and-experimental-features,basename-unique,
https://clickhouse.com/docs/en/materialized-view,1,/core/concepts/features/materialized-views,contains-ambiguous,/core/concepts/features/materialized-views/cascading-materialized-views | /core/concepts/features/materialized-views/incremental-materialized-view | /core/concepts/features/materialized-views/refreshable-materialized-view | /core/concepts/features/projections/materialized-views-versus-projections | /core/guides/use-cases/real-time-analytics/time-series/materialized-view-rollup
https://clickhouse.com/docs/en/engines/table-engines/special/distributed,1,/core/reference/engines/table-engines/special/distributed,basename-unique,
https://clickhouse.com/docs/en/engines/table-engines/special/dictionary,1,/core/reference/engines/table-engines/special/dictionary,basename+parent-unique,/core/reference/functions/table-functions/dictionary | /core/reference/statements/create/dictionary
/materialized-view,1,/core/concepts/features/materialized-views,contains-ambiguous,/core/concepts/features/materialized-views/cascading-materialized-views | /core/concepts/features/materialized-views/incremental-materialized-view | /core/concepts/features/materialized-views/refreshable-materialized-view | /core/concepts/features/projections/materialized-views-versus-projections | /core/guides/use-cases/real-time-analytics/time-series/materialized-view-rollup
https://clickhouse.com/docs/en/materialized-view/refreshable-materialized-view,1,/core/concepts/features/materialized-views/refreshable-materialized-view,basename-unique,
https://clickhouse.com/docs/en/cloud/security/secure-s3,1,,no-match,
/operations/settings/settings.md/#use_structure_from_insertion_table_in_table_functions,1,/products/cloud/reference/settings,basename-ambiguous,/products/managed-postgres/settings | /core/reference/settings | /core/reference/settings/server-settings/settings | /core/reference/system-tables/settings
/operations/settings/settings-formats.md#date_time_input_format,1,,no-match,
/operations/settings/settings-formats.md,1,,no-match,
/interfaces/cli.md/#batch-mode,1,/core/concepts/features/interfaces/cli,basename-ambiguous,/products/cloud/features/cli
/operations/settings/settings-formats.md/#input_format_allow_errors_num,1,,no-match,
/operations/settings/settings-formats.md/#input_format_allow_errors_ratio,1,,no-match,
/whats-new/cloud#clickhouse-231-version-upgrade,1,/cloud/reference/changelog/changelog,redirect-direct,
/whats-new/cloud#clickhouse-2212-version-upgrade,1,/cloud/reference/changelog/changelog,redirect-direct,
/whats-new/cloud#clickhouse-2211-version-upgrade,1,/cloud/reference/changelog/changelog,redirect-direct,
/sql-reference/dictionaries/index.md,1,/core/concepts/features/dictionaries,manual,/core/reference/system-tables/dictionaries
/whats-new/cloud#clickhouse-2210-version-upgrade,1,/cloud/reference/changelog/changelog,redirect-direct,
/knowledgebase/useful-queries-for-troubleshooting#show-disk-storage-number-of-parts-number-of-rows-in-systemparts-and-marks-across-databases,1,,no-match,
/knowledgebase/find-expensive-queries,1,/resources/support-center/knowledge-base/performance-optimization/find-expensive-queries,basename-unique,
/knowledgebase/profiling-clickhouse-with-llvm-xray,1,,no-match,
/knowledgebase/which-processes-are-currently-running,1,,no-match,
/sql-reference/statements/alter/index,1,,no-match,
/faq/operations/separate_storage.md,1,/resources/support-center/knowledge-base/general-faqs/separate-storage,basename-unique,
/core/guides/sre/user-management/configuring-ldap.md,1,/core/concepts/features/security/configuring-ldap,basename-unique,
/core/guides/starter-guides/mutations.md,1,/core/get-started/quickstarts/mutations,basename+parent-unique,/core/reference/system-tables/mutations
/knowledgebase/how-do-i-contribute-code-to-clickhouse,1,,no-match,
/knowledgebase/time-series,1,/core/guides/use-cases/real-time-analytics/time-series,basename-ambiguous,/core/reference/engines/table-engines/integrations/time-series | /resources/support-center/knowledge-base/general-faqs/time-series
/integrations/data-ingestion/s3,1,/core/reference/engines/table-engines/integrations/s3,basename-ambiguous,/core/reference/functions/table-functions/s3
/integrations/data-ingestion/gcs,1,/core/reference/functions/table-functions/gcs,basename-unique,
https://clickhouse.com/docs/knowledgebase/file-export,1,,no-match,
/integrations/data-ingestion/dbms/postgresql/connecting-to-postgresql.md,1,,no-match,
https://clickhouse.com/docs/knowledgebase/python-clickhouse-connect-example#steps,1,,no-match,
/core/guides/sre/configuring-ssl#2-create-ssl-certificates,1,,no-match,
https://clickhouse.com/docs/interfaces/formats/JSON/JSONAsObject,1,,no-match,
https://clickhouse.com/docs/interfaces/,1,/core/concepts/features/interfaces/overview,manual,
/knowledgebase/async_vs_optimize_read_in_order#what-about-optimize_read_in_order,1,,no-match,
https://clickhouse.com/docs/knowledgebase/find-expensive-queries#initial_query_id-vs-query_id,1,/resources/support-center/knowledge-base/performance-optimization/find-expensive-queries,basename-unique,
/chdb/guides/querying-apache-arrow,1,/chdb/guides/querying-apache-arrow,basename-unique,
https://clickhouse.com/docs/cloud/manage/api/swagger#tag/ClickStack,1,,no-match,
/images/clickstack/faq/metrics-explorer.png,1,,no-match,
/core/guides/sre/configuring-ssl,1,/core/concepts/features/security/tls/configuring-tls,manual,
/managed-postgres/overview#nvme-performance,1,/products/managed-postgres/overview,basename+parent-unique,/core/concepts/features/backup-restore/overview | /core/concepts/features/configuration/settings/overview | /core/concepts/features/operations/delete/overview | /core/concepts/features/operations/update/overview | /core/get-started/migration-guides/bigquery/overview | /core/get-started/migration-guides/elastic/overview | /core/get-started/migration-guides/overview | /core/get-started/migration-guides/postgres/overview | /core/get-started/migration-guides/redshift/overview | /core/get-started/migration-guides/snowflake/overview | /core/get-started/use-cases/overview | /core/guides/use-cases/data-warehousing/getting-started/overview | /integrations/clickpipes/bigquery/overview | /integrations/clickpipes/kinesis/overview | /integrations/clickpipes/object-storage/amazon-s3/overview | /integrations/clickpipes/object-storage/azure-blob-storage/overview | /integrations/clickpipes/object-storage/google-cloud-storage/overview | /integrations/connectors/data-ingestion/azure/azure-data-factory/overview | /core/concepts/features/interfaces/overview | /integrations/language-clients/csharp/overview | /products/clickstack/features/dashboards/overview | /products/clickstack/ingesting-data/overview | /products/clickstack/overview | /products/cloud/features/autoscaling/overview | /products/cloud/features/backups/overview | /products/cloud/features/monitoring/overview | /products/cloud/guides/infrastructure/deployment-options/byoc/overview | /products/cloud/reference/billing/marketplace/overview | /products/kubernetes-operator/overview | /core/reference/functions/regular-functions/overview | /core/reference/statements/create/dictionary/layouts/overview | /core/reference/statements/create/dictionary/sources/overview | /core/reference/system-tables/overview
/managed-postgres/scaling,1,/products/managed-postgres/scaling,basename+parent-unique,/integrations/clickpipes/mongodb/scaling | /integrations/clickpipes/mysql/scaling | /integrations/clickpipes/postgres/scaling
/managed-postgres/settings#ip-filters,1,/products/managed-postgres/settings,basename+parent-unique,/products/cloud/reference/settings | /core/reference/settings | /core/reference/settings/server-settings/settings | /core/reference/system-tables/settings
/managed-postgres/connection#tls,1,/products/managed-postgres/connection,basename-unique,
/managed-postgres/extensions,1,/products/managed-postgres/extensions,basename-unique,
/managed-postgres/upgrades,1,/products/managed-postgres/upgrades,basename+parent-unique,/products/cloud/features/admin-features/upgrades
/managed-postgres/migrations/pg_dump-pg_restore,1,,no-match,
/managed-postgres/migrations/logical-replication,1,/products/managed-postgres/migrations/logical-replication,basename-unique,
/managed-postgres/migrations/peerdb,1,/products/managed-postgres/migrations/peerdb,basename-unique,
/managed-postgres/clickhouse-integration,1,/products/managed-postgres/clickhouse-integration,basename-unique,
/managed-postgres/benchmarks,1,/products/managed-postgres/benchmarks,basename-unique,
/interfaces/cpp,1,/integrations/language-clients/cpp,redirect-direct,
/interfaces/third-party/client-libraries,1,,no-match,
/cloud/security/cloud-access-management,1,/products/cloud/guides/security/cloud-access-management,basename-unique,
/knowledgebase/terraform_example,1,/resources/support-center/knowledge-base/integrations/terraform-example,manual,
/cloud/reference/byoc/faq/aws,1,/integrations/clickpipes/aws-privatelink,contains-ambiguous,/products/clickstack/ingesting-data/sdks/aws-lambda | /products/clickstack/integration-examples/aws-lambda | /products/cloud/guides/security/connectivity/private-networking/aws-privatelink | /products/cloud/reference/billing/marketplace/aws-marketplace-committed | /products/cloud/reference/billing/marketplace/aws-marketplace-payg
/cloud/reference/byoc/observability,1,/cloud/guides/infrastructure/deployment_options/byoc/observability,redirect-direct,
/cloud/reference/byoc/onboarding/aws,1,/integrations/clickpipes/aws-privatelink,contains-ambiguous,/products/clickstack/ingesting-data/sdks/aws-lambda | /products/clickstack/integration-examples/aws-lambda | /products/cloud/guides/security/connectivity/private-networking/aws-privatelink | /products/cloud/reference/billing/marketplace/aws-marketplace-committed | /products/cloud/reference/billing/marketplace/aws-marketplace-payg
/images/cloud/guides/accessing-data/GCS/IAM_and_admin.png,1,,no-match,
/images/cloud/guides/accessing-data/GCS/create_service_account.png,1,,no-match,
/images/cloud/guides/accessing-data/GCS/create_and_continue.png,1,,no-match,
/images/cloud/guides/accessing-data/GCS/storage_object_user.png,1,,no-match,
/images/cloud/guides/accessing-data/GCS/note_service_account_email.png,1,,no-match,
/images/cloud/guides/accessing-data/GCS/cloud_storage_settings.png,1,,no-match,
/images/cloud/guides/accessing-data/GCS/create_key_for_service_account.png,1,,no-match,
/images/cloud/guides/accessing-data/GCS/create_a_key.png,1,,no-match,
/images/cloud/guides/accessing-data/GCS/clickpipes_hmac_key.png,1,,no-match,
https://clickhouse.com/docs/cloud/security/secure-s3,1,/products/cloud/guides/data-sources/accessing-s3-data-securely,manual,
https://clickhouse.com/docs/cloud/security/secure-s3#option-2-manually-create-iam-role,1,,no-match,
/operations/backup#configuring-backuprestore-to-use-an-s3-endpoint,1,/core/reference/engines/database-engines/backup,basename-unique,
/operations/backup#configuring-backuprestore-to-use-an-azureblobstorage-endpoint,1,/core/reference/engines/database-engines/backup,basename-unique,
/operations/backup#command-summary,1,/core/reference/engines/database-engines/backup,basename-unique,
/cloud/reference/byoc/onboarding/aws#cloudformation-iam-roles,1,/integrations/clickpipes/aws-privatelink,contains-ambiguous,/products/clickstack/ingesting-data/sdks/aws-lambda | /products/clickstack/integration-examples/aws-lambda | /products/cloud/guides/security/connectivity/private-networking/aws-privatelink | /products/cloud/reference/billing/marketplace/aws-marketplace-committed | /products/cloud/reference/billing/marketplace/aws-marketplace-payg
/observability/overview,1,/core/concepts/features/backup-restore/overview,basename-ambiguous,/core/concepts/features/configuration/settings/overview | /core/concepts/features/operations/delete/overview | /core/concepts/features/operations/update/overview | /core/get-started/migration-guides/bigquery/overview | /core/get-started/migration-guides/elastic/overview
/prompt-management/overview,1,/core/concepts/features/backup-restore/overview,basename-ambiguous,/core/concepts/features/configuration/settings/overview | /core/concepts/features/operations/delete/overview | /core/concepts/features/operations/update/overview | /core/get-started/migration-guides/bigquery/overview | /core/get-started/migration-guides/elastic/overview
/evaluation/overview,1,/core/concepts/features/backup-restore/overview,basename-ambiguous,/core/concepts/features/configuration/settings/overview | /core/concepts/features/operations/delete/overview | /core/concepts/features/operations/update/overview | /core/get-started/migration-guides/bigquery/overview | /core/get-started/migration-guides/elastic/overview
https://clickhouse.com/docs/cloud/manage/api/swagger#tag/Billing,1,,no-match,
/images/cloud/manage/scaling-patch-request.png,1,,no-match,
/images/cloud/manage/scaling-patch-response.png,1,,no-match,
/images/cloud/manage/scaling-configure.png,1,,no-match,
/images/cloud/manage/scaling-memory-allocation.png,1,,no-match,
/images/cloud/manage/AutoScaling.png,1,,no-match,
/images/cloud/reference/byoc-connect-1.png,1,,no-match,
/images/cloud/reference/byoc-tailscale-1.png,1,,no-match,
/cloud/reference/byoc/onboarding/customization,1,/products/bring-your-own-cloud/onboarding/customization-aws,contains-ambiguous,/products/bring-your-own-cloud/onboarding/customization-gcp
/images/cloud/reference/byoc-onboarding-1.png,1,,no-match,
/images/cloud/reference/byoc-onboarding-2.png,1,,no-match,
/images/cloud/reference/byoc-onboarding-3.png,1,,no-match,
/images/cloud/reference/byoc-new-service-1.png,1,,no-match,
/images/cloud/reference/byoc-new-infra-1.png,1,,no-match,
/images/cloud/reference/byoc-new-infra-2.png,1,,no-match,
/use-cases/observability/clickstack/ingesting-data/kubernetes,1,/products/clickstack/example-datasets/kubernetes,basename-ambiguous,/products/clickstack/integration-examples/kubernetes
/examples/kafka-metrics-dashboard.json,1,,no-match,
/examples/temporal-metrics-dashboard.json,1,,no-match,
/assets/cloudflare-logs-dashboard.json,1,,no-match,
/examples/postgres-logs-dashboard.json,1,,no-match,
/examples/postgres-metrics-dashboard.json,1,,no-match,
/examples/systemd-logs-dashboard.json,1,,no-match,
/examples/cloudwatch-logs-dashboard.json,1,,no-match,
/examples/nodejs-traces-dashboard.json,1,,no-match,
/examples/mysql-logs-dashboard.json,1,,no-match,
/examples/jvm-metrics-dashboard.json,1,,no-match,
/use-cases/observability/clickstack/production#database-ingestion-user,1,/use-cases/observability/clickstack/managing/production,redirect-direct,
/use-cases/observability/clickstack/production#estimating-resources,1,/use-cases/observability/clickstack/managing/production,redirect-direct,
/use-cases/observability/clickstack/production#create-a-database-ingestion-user-managed,1,/use-cases/observability/clickstack/managing/production,redirect-direct,
https://clickhouse.com/docs/clickhouse-operator/managing-clusters/cleanup,1,,no-match,
https://clickhouse.com/docs/en/sql-reference/statements/select/group-by#group-by-in-external-memory,1,/core/reference/statements/select/group-by,basename-unique,
https://clickhouse.com/docs/en/sql-reference/aggregate-functions/reference,1,/core/reference/functions/aggregate-functions/reference,basename+parent-unique,/core/guides/use-cases/data-warehousing/reference | /integrations/clickpipes/kafka/reference | /integrations/connectors/data-ingestion/etl-tools/fivetran/reference | /integrations/connectors/tools/pg_clickhouse/reference | /chdb/reference | /products/cloud/reference
/use-cases/observability/clickstack/features/dashboards#custom-filters,1,/products/cloud/features/sql-console-features/dashboards,basename-ambiguous,/core/reference/system-tables/dashboards
/use-cases/observability/clickstack/managing/performance_tuning#materialize-frequently-queried-attributes,1,/products/clickstack/managing/performance-tuning,basename-unique,
/use-cases/observability/clickstack/features/dashboards#dashboards-editing-visualizations,1,/products/cloud/features/sql-console-features/dashboards,basename-ambiguous,/core/reference/system-tables/dashboards
https://clickhouse.com/docs/operations/backup#take-an-incremental-backup,1,/core/reference/engines/database-engines/backup,basename-unique,
/docs/products/clickhouse-private/aws,1,/products/clickhouse-private/deployment/aws,manual,/products/clickstack/ingesting-data/sdks/aws-lambda | /products/clickstack/integration-examples/aws-lambda | /products/cloud/guides/security/connectivity/private-networking/aws-privatelink | /products/cloud/reference/billing/marketplace/aws-marketplace-committed | /products/cloud/reference/billing/marketplace/aws-marketplace-payg
/docs/products/clickhouse-private/aws#install-volumesnapshot-crds,1,/integrations/clickpipes/aws-privatelink,contains-ambiguous,/products/clickstack/ingesting-data/sdks/aws-lambda | /products/clickstack/integration-examples/aws-lambda | /products/cloud/guides/security/connectivity/private-networking/aws-privatelink | /products/cloud/reference/billing/marketplace/aws-marketplace-committed | /products/cloud/reference/billing/marketplace/aws-marketplace-payg
/docs/products/clickhouse-private/aws#install-storageclass-via-helm,1,/integrations/clickpipes/aws-privatelink,contains-ambiguous,/products/clickstack/ingesting-data/sdks/aws-lambda | /products/clickstack/integration-examples/aws-lambda | /products/cloud/guides/security/connectivity/private-networking/aws-privatelink | /products/cloud/reference/billing/marketplace/aws-marketplace-committed | /products/cloud/reference/billing/marketplace/aws-marketplace-payg
/docs/products/clickhouse-private/aws#naming-your-clickhouse-cluster,1,/integrations/clickpipes/aws-privatelink,contains-ambiguous,/products/clickstack/ingesting-data/sdks/aws-lambda | /products/clickstack/integration-examples/aws-lambda | /products/cloud/guides/security/connectivity/private-networking/aws-privatelink | /products/cloud/reference/billing/marketplace/aws-marketplace-committed | /products/cloud/reference/billing/marketplace/aws-marketplace-payg
/chdb/datastore/configuration,1,/integrations/language-clients/go/configuration,basename-ambiguous,/chdb/configuration | /products/kubernetes-operator/guides/configuration
/chdb/datastore/configuration/performance-mode,1,/chdb/configuration/performance-mode,basename-unique,
/chdb/datastore/guides/pandas-cookbook,1,/chdb/guides/pandas-cookbook,basename-unique,
/chdb/datastore/guides/pandas-to-sql,1,/chdb/guides/pandas-to-sql,basename-unique,
/chdb/datastore/debugging/explain,1,/chdb/debugging/explain,basename+parent-unique,/core/reference/statements/explain
/chdb/datastore/configuration/execution-engine,1,/chdb/configuration/execution-engine,basename-unique,
/faq/general/why-clickhouse-is-so-fast,2,/core/get-started/about/why-clickhouse-is-so-fast,manual,
/cloud/manage/api/swagger,1,/api-reference/organization/get-list-of-available-organizations,manual,
/integrations/data-ingestion/gcs,1,/integrations/connectors/data-ingestion/GCP,manual,
/integrations/data-sources/mysql,1,/integrations/connectors/data-sources/mysql,manual,
/integrations/data-ingestion/dbms/postgresql/connecting-to-postgresql,1,/integrations/clickpipes/postgres/connecting-to-postgresql,manual,
/use-cases/observability/clickstack/managing/production,1,/products/clickstack/managing,manual,
/cloud/guides/infrastructure/deployment_options/byoc/architecture,1,/products/cloud/guides/infrastructure/deployment-options/byoc/architecture,manual,
/cloud/guides/infrastructure/deployment_options/byoc/observability,1,/products/cloud/guides/infrastructure/deployment-options/byoc/observability/aws,manual,
/cloud/reference/changelog/changelog,1,/resources/changelogs/cloud/changelog,manual,
/api-reference/billing/get-organization-usage-costs,1,/api-reference/organization/get-list-of-available-organizations,manual,
/sql-reference/operators,1,/core/reference/operators,manual,
/core/guides/best-practices/partitioningkey,1,/core/concepts/best-practices/partitioning-keys,manual,
/optimize/partitioning-key,1,/core/concepts/best-practices/partitioning-keys,manual,
/integrations/gcs,1,/integrations/connectors/data-ingestion/GCP,manual,
/integrations/mysql,1,/integrations/connectors/data-sources/mysql,manual,
/integrations/postgresql/connecting-to-postgresql,1,/integrations/clickpipes/postgres/connecting-to-postgresql,manual,
/use-cases/observability/clickstack/production,1,/products/clickstack/managing,manual,
/cloud/reference/byoc/architecture,1,/products/cloud/guides/infrastructure/deployment-options/byoc/architecture,manual,
/cloud/reference/byoc/observability,1,/products/cloud/guides/infrastructure/deployment-options/byoc/observability/aws,manual,
/cloud/manage/api/usageCost-api-reference,1,/api-reference/organization/get-list-of-available-organizations,manual,
/introduction/distinctive-features,1,/core/get-started/about/distinctive-features,manual,
